section,condition,metric,value,ci_low,ci_high
standard_per_update,update_1,reward_raw_mean,-1.466796875,,
standard_per_update,update_1,reward_effective_mean,-1.466796875,,
standard_per_update,update_1,kl,0.0006471792585216463,,
standard_per_update,update_1,entropy,0.6752979755401611,,
standard_per_update,update_1,policy_loss_ep1,0.32510408107191324,,
standard_per_update,update_1,policy_loss_ep2,0.32412215415388346,,
standard_per_update,update_1,value_loss_ep1,2.7820324301719666,,
standard_per_update,update_1,value_loss_ep2,2.315174877643585,,
standard_per_update,update_1,policy_grad_norm_ep1,0.8811705708503723,,
standard_per_update,update_1,policy_grad_norm_ep2,0.8775317668914795,,
standard_per_update,update_1,value_grad_norm_ep1,89.76697540283203,,
standard_per_update,update_1,value_grad_norm_ep2,96.6240463256836,,
standard_per_update,update_1,clip_fraction_ep1,0.0,,
standard_per_update,update_1,clip_fraction_ep2,0.0,,
standard_per_update,update_1,max_abs_log_ratio_ep2,0.029089689254760742,,
standard_per_update,update_1,length_mean,42.75,,
standard_per_update,update_1,length_sd,5.584576975922169,,
standard_per_update,update_1,n_eos,4,,
standard_per_update,update_1,n_truncated,0,,
standard_per_update,update_1,generated_tokens,171,,
standard_per_update,update_1,explained_variance,-11.313976660832244,,
standard_per_update,update_1,stability_statistic,1.7760915446523927e-05,,
standard_per_update,update_1,n_rm_input_truncated,0,,
standard_per_update,update_2,reward_raw_mean,1.0025978088378906,,
standard_per_update,update_2,reward_effective_mean,0.002597808837890625,,
standard_per_update,update_2,kl,0.00013866827066522092,,
standard_per_update,update_2,entropy,0.9331202507019043,,
standard_per_update,update_2,policy_loss_ep1,-0.09317319933325052,,
standard_per_update,update_2,policy_loss_ep2,-0.09301497600972652,,
standard_per_update,update_2,value_loss_ep1,3.822741210460663,,
standard_per_update,update_2,value_loss_ep2,3.6346031427383423,,
standard_per_update,update_2,policy_grad_norm_ep1,0.21779151260852814,,
standard_per_update,update_2,policy_grad_norm_ep2,0.21762044727802277,,
standard_per_update,update_2,value_grad_norm_ep1,46.64582443237305,,
standard_per_update,update_2,value_grad_norm_ep2,43.05144119262695,,
standard_per_update,update_2,clip_fraction_ep1,0.0,,
standard_per_update,update_2,clip_fraction_ep2,0.0,,
standard_per_update,update_2,max_abs_log_ratio_ep2,0.03330373764038086,,
standard_per_update,update_2,length_mean,512.0,,
standard_per_update,update_2,length_sd,0.0,,
standard_per_update,update_2,n_eos,0,,
standard_per_update,update_2,n_truncated,4,,
standard_per_update,update_2,generated_tokens,2048,,
standard_per_update,update_2,explained_variance,-4.747838114872513,,
standard_per_update,update_2,stability_statistic,1.3557026619397866e-05,,
standard_per_update,update_2,n_rm_input_truncated,0,,
standard_per_update,update_3,reward_raw_mean,2.422607421875,,
standard_per_update,update_3,reward_effective_mean,1.422607421875,,
standard_per_update,update_3,kl,2.4412460334133357e-05,,
standard_per_update,update_3,entropy,0.8360539674758911,,
standard_per_update,update_3,policy_loss_ep1,-0.1451135315001011,,
standard_per_update,update_3,policy_loss_ep2,-0.1453663967549801,,
standard_per_update,update_3,value_loss_ep1,6.065149545669556,,
standard_per_update,update_3,value_loss_ep2,5.687732100486755,,
standard_per_update,update_3,policy_grad_norm_ep1,0.2405043989419937,,
standard_per_update,update_3,policy_grad_norm_ep2,0.24047408998012543,,
standard_per_update,update_3,value_grad_norm_ep1,93.41437530517578,,
standard_per_update,update_3,value_grad_norm_ep2,86.54756927490234,,
standard_per_update,update_3,clip_fraction_ep1,0.0,,
standard_per_update,update_3,clip_fraction_ep2,0.0,,
standard_per_update,update_3,max_abs_log_ratio_ep2,0.030520915985107422,,
standard_per_update,update_3,length_mean,512.0,,
standard_per_update,update_3,length_sd,0.0,,
standard_per_update,update_3,n_eos,0,,
standard_per_update,update_3,n_truncated,4,,
standard_per_update,update_3,generated_tokens,2048,,
standard_per_update,update_3,explained_variance,-5.592192802808077,,
standard_per_update,update_3,stability_statistic,1.1894603221928778e-05,,
standard_per_update,update_3,n_rm_input_truncated,0,,
standard_per_update,update_4,reward_raw_mean,2.077880859375,,
standard_per_update,update_4,reward_effective_mean,2.077880859375,,
standard_per_update,update_4,kl,0.00019449745013844222,,
standard_per_update,update_4,entropy,1.003289818763733,,
standard_per_update,update_4,policy_loss_ep1,-0.24235142394900322,,
standard_per_update,update_4,policy_loss_ep2,-0.24235086888074875,,
standard_per_update,update_4,value_loss_ep1,5.734161704778671,,
standard_per_update,update_4,value_loss_ep2,5.406151592731476,,
standard_per_update,update_4,policy_grad_norm_ep1,0.3428753912448883,,
standard_per_update,update_4,policy_grad_norm_ep2,0.3429635465145111,,
standard_per_update,update_4,value_grad_norm_ep1,134.09609985351562,,
standard_per_update,update_4,value_grad_norm_ep2,114.13623809814453,,
standard_per_update,update_4,clip_fraction_ep1,0.0,,
standard_per_update,update_4,clip_fraction_ep2,0.0,,
standard_per_update,update_4,max_abs_log_ratio_ep2,0.029427289962768555,,
standard_per_update,update_4,length_mean,348.0,,
standard_per_update,update_4,length_sd,134.49349426645142,,
standard_per_update,update_4,n_eos,4,,
standard_per_update,update_4,n_truncated,0,,
standard_per_update,update_4,generated_tokens,1392,,
standard_per_update,update_4,explained_variance,-4.040682519265,,
standard_per_update,update_4,stability_statistic,1.457990813559994e-05,,
standard_per_update,update_4,n_rm_input_truncated,0,,
standard_per_update,update_5,reward_raw_mean,2.3701171875,,
standard_per_update,update_5,reward_effective_mean,2.3701171875,,
standard_per_update,update_5,kl,-8.084194632829167e-06,,
standard_per_update,update_5,entropy,1.066690444946289,,
standard_per_update,update_5,policy_loss_ep1,-0.17948922142386436,,
standard_per_update,update_5,policy_loss_ep2,-0.1797030009329319,,
standard_per_update,update_5,value_loss_ep1,3.7623918652534485,,
standard_per_update,update_5,value_loss_ep2,3.538767397403717,,
standard_per_update,update_5,policy_grad_norm_ep1,0.2662154734134674,,
standard_per_update,update_5,policy_grad_norm_ep2,0.26630258560180664,,
standard_per_update,update_5,value_grad_norm_ep1,58.41944885253906,,
standard_per_update,update_5,value_grad_norm_ep2,38.01995086669922,,
standard_per_update,update_5,clip_fraction_ep1,0.0,,
standard_per_update,update_5,clip_fraction_ep2,0.0,,
standard_per_update,update_5,max_abs_log_ratio_ep2,0.025826454162597656,,
standard_per_update,update_5,length_mean,405.75,,
standard_per_update,update_5,length_sd,47.99153571203989,,
standard_per_update,update_5,n_eos,4,,
standard_per_update,update_5,n_truncated,0,,
standard_per_update,update_5,generated_tokens,1623,,
standard_per_update,update_5,explained_variance,-5.163160748112316,,
standard_per_update,update_5,stability_statistic,1.2729409507637506e-05,,
standard_per_update,update_5,n_rm_input_truncated,0,,
standard_per_update,update_6,reward_raw_mean,2.603515625,,
standard_per_update,update_6,reward_effective_mean,2.603515625,,
standard_per_update,update_6,kl,0.00027724041137844324,,
standard_per_update,update_6,entropy,0.055771250277757645,,
standard_per_update,update_6,policy_loss_ep1,-1.0380985736846924,,
standard_per_update,update_6,policy_loss_ep2,-1.0379345417022705,,
standard_per_update,update_6,value_loss_ep1,8.872208595275879,,
standard_per_update,update_6,value_loss_ep2,6.471323013305664,,
standard_per_update,update_6,policy_grad_norm_ep1,0.6871413588523865,,
standard_per_update,update_6,policy_grad_norm_ep2,0.6865833401679993,,
standard_per_update,update_6,value_grad_norm_ep1,464.9242858886719,,
standard_per_update,update_6,value_grad_norm_ep2,396.6476745605469,,
standard_per_update,update_6,clip_fraction_ep1,0.0,,
standard_per_update,update_6,clip_fraction_ep2,0.0,,
standard_per_update,update_6,max_abs_log_ratio_ep2,0.00017703324556350708,,
standard_per_update,update_6,length_mean,2.0,,
standard_per_update,update_6,length_sd,0.0,,
standard_per_update,update_6,n_eos,4,,
standard_per_update,update_6,n_truncated,0,,
standard_per_update,update_6,generated_tokens,8,,
standard_per_update,update_6,explained_variance,-848.7697484119703,,
standard_per_update,update_6,stability_statistic,3.6551137587673173e-07,,
standard_per_update,update_6,n_rm_input_truncated,0,,
standard_per_update,update_7,reward_raw_mean,1.05218505859375,,
standard_per_update,update_7,reward_effective_mean,1.05218505859375,,
standard_per_update,update_7,kl,0.00015467846242245287,,
standard_per_update,update_7,entropy,0.8958244919776917,,
standard_per_update,update_7,policy_loss_ep1,-0.7056079339236021,,
standard_per_update,update_7,policy_loss_ep2,-0.7045000195503235,,
standard_per_update,update_7,value_loss_ep1,2.9770830795168877,,
standard_per_update,update_7,value_loss_ep2,2.6961125545203686,,
standard_per_update,update_7,policy_grad_norm_ep1,0.9575150012969971,,
standard_per_update,update_7,policy_grad_norm_ep2,0.9573652148246765,,
standard_per_update,update_7,value_grad_norm_ep1,135.6713409423828,,
standard_per_update,update_7,value_grad_norm_ep2,101.43856048583984,,
standard_per_update,update_7,clip_fraction_ep1,0.0,,
standard_per_update,update_7,clip_fraction_ep2,0.0,,
standard_per_update,update_7,max_abs_log_ratio_ep2,0.027240276336669922,,
standard_per_update,update_7,length_mean,54.75,,
standard_per_update,update_7,length_sd,54.181985013471035,,
standard_per_update,update_7,n_eos,4,,
standard_per_update,update_7,n_truncated,0,,
standard_per_update,update_7,generated_tokens,219,,
standard_per_update,update_7,explained_variance,-1.9783546261550748,,
standard_per_update,update_7,stability_statistic,1.4793564175636801e-05,,
standard_per_update,update_7,n_rm_input_truncated,0,,
standard_per_update,update_8,reward_raw_mean,-0.1353759765625,,
standard_per_update,update_8,reward_effective_mean,-0.1353759765625,,
standard_per_update,update_8,kl,0.00014246483624447137,,
standard_per_update,update_8,entropy,0.029165828600525856,,
standard_per_update,update_8,policy_loss_ep1,-0.4741004705429077,,
standard_per_update,update_8,policy_loss_ep2,-0.4745774269104004,,
standard_per_update,update_8,value_loss_ep1,0.9653082489967346,,
standard_per_update,update_8,value_loss_ep2,0.7884212136268616,,
standard_per_update,update_8,policy_grad_norm_ep1,0.3192972242832184,,
standard_per_update,update_8,policy_grad_norm_ep2,0.3163667917251587,,
standard_per_update,update_8,value_grad_norm_ep1,113.56010437011719,,
standard_per_update,update_8,value_grad_norm_ep2,84.04393005371094,,
standard_per_update,update_8,clip_fraction_ep1,0.0,,
standard_per_update,update_8,clip_fraction_ep2,0.0,,
standard_per_update,update_8,max_abs_log_ratio_ep2,0.0021135658025741577,,
standard_per_update,update_8,length_mean,4.0,,
standard_per_update,update_8,length_sd,0.0,,
standard_per_update,update_8,n_eos,4,,
standard_per_update,update_8,n_truncated,0,,
standard_per_update,update_8,generated_tokens,16,,
standard_per_update,update_8,explained_variance,-772.8941305317483,,
standard_per_update,update_8,stability_statistic,4.343096593996752e-08,,
standard_per_update,update_8,n_rm_input_truncated,0,,
standard_per_update,update_9,reward_raw_mean,0.314300537109375,,
standard_per_update,update_9,reward_effective_mean,-0.685699462890625,,
standard_per_update,update_9,kl,6.188868155732052e-06,,
standard_per_update,update_9,entropy,0.29129984974861145,,
standard_per_update,update_9,policy_loss_ep1,-0.029973365366458893,,
standard_per_update,update_9,policy_loss_ep2,-0.03007370326668024,,
standard_per_update,update_9,value_loss_ep1,3.28558212518692,,
standard_per_update,update_9,value_loss_ep2,3.2154667377471924,,
standard_per_update,update_9,policy_grad_norm_ep1,0.11990780383348465,,
standard_per_update,update_9,policy_grad_norm_ep2,0.11983003467321396,,
standard_per_update,update_9,value_grad_norm_ep1,37.11415481567383,,
standard_per_update,update_9,value_grad_norm_ep2,37.14186477661133,,
standard_per_update,update_9,clip_fraction_ep1,0.0,,
standard_per_update,update_9,clip_fraction_ep2,0.0,,
standard_per_update,update_9,max_abs_log_ratio_ep2,0.04397785663604736,,
standard_per_update,update_9,length_mean,512.0,,
standard_per_update,update_9,length_sd,0.0,,
standard_per_update,update_9,n_eos,0,,
standard_per_update,update_9,n_truncated,4,,
standard_per_update,update_9,generated_tokens,2048,,
standard_per_update,update_9,explained_variance,-5.520364164750727,,
standard_per_update,update_9,stability_statistic,4.368392005526729e-06,,
standard_per_update,update_9,n_rm_input_truncated,0,,
standard_per_update,update_10,reward_raw_mean,-0.833740234375,,
standard_per_update,update_10,reward_effective_mean,-0.833740234375,,
standard_per_update,update_10,kl,0.0004491449217312038,,
standard_per_update,update_10,entropy,0.24175934493541718,,
standard_per_update,update_10,policy_loss_ep1,0.6551037235185504,,
standard_per_update,update_10,policy_loss_ep2,0.6528106229379773,,
standard_per_update,update_10,value_loss_ep1,4.837321519851685,,
standard_per_update,update_10,value_loss_ep2,4.527788043022156,,
standard_per_update,update_10,policy_grad_norm_ep1,3.4287917613983154,,
standard_per_update,update_10,policy_grad_norm_ep2,3.357754707336426,,
standard_per_update,update_10,value_grad_norm_ep1,157.7583770751953,,
standard_per_update,update_10,value_grad_norm_ep2,144.58367919921875,,
standard_per_update,update_10,clip_fraction_ep1,0.0,,
standard_per_update,update_10,clip_fraction_ep2,0.0,,
standard_per_update,update_10,max_abs_log_ratio_ep2,0.0397031307220459,,
standard_per_update,update_10,length_mean,38.0,,
standard_per_update,update_10,length_sd,12.12435565298214,,
standard_per_update,update_10,n_eos,4,,
standard_per_update,update_10,n_truncated,0,,
standard_per_update,update_10,generated_tokens,152,,
standard_per_update,update_10,explained_variance,-13.856168700276756,,
standard_per_update,update_10,stability_statistic,1.8526741602719103e-05,,
standard_per_update,update_10,n_rm_input_truncated,0,,
standard_per_update,update_11,reward_raw_mean,1.1187744140625,,
standard_per_update,update_11,reward_effective_mean,1.1187744140625,,
standard_per_update,update_11,kl,0.0005760385538451374,,
standard_per_update,update_11,entropy,0.911540687084198,,
standard_per_update,update_11,policy_loss_ep1,-0.22683370485901833,,
standard_per_update,update_11,policy_loss_ep2,-0.22513639740645885,,
standard_per_update,update_11,value_loss_ep1,2.2421411871910095,,
standard_per_update,update_11,value_loss_ep2,1.947658821940422,,
standard_per_update,update_11,policy_grad_norm_ep1,3.8969008922576904,,
standard_per_update,update_11,policy_grad_norm_ep2,3.9227471351623535,,
standard_per_update,update_11,value_grad_norm_ep1,90.77982330322266,,
standard_per_update,update_11,value_grad_norm_ep2,83.72457885742188,,
standard_per_update,update_11,clip_fraction_ep1,0.0,,
standard_per_update,update_11,clip_fraction_ep2,0.0,,
standard_per_update,update_11,max_abs_log_ratio_ep2,0.017022907733917236,,
standard_per_update,update_11,length_mean,9.75,,
standard_per_update,update_11,length_sd,2.5860201081971503,,
standard_per_update,update_11,n_eos,4,,
standard_per_update,update_11,n_truncated,0,,
standard_per_update,update_11,generated_tokens,39,,
standard_per_update,update_11,explained_variance,-4.624033922336512,,
standard_per_update,update_11,stability_statistic,3.3674633082633744e-05,,
standard_per_update,update_11,n_rm_input_truncated,0,,
standard_per_update,update_12,reward_raw_mean,-0.3857421875,,
standard_per_update,update_12,reward_effective_mean,-0.3857421875,,
standard_per_update,update_12,kl,-0.00010833601845661178,,
standard_per_update,update_12,entropy,0.9624353051185608,,
standard_per_update,update_12,policy_loss_ep1,-0.39877500012516975,,
standard_per_update,update_12,policy_loss_ep2,-0.39775848016142845,,
standard_per_update,update_12,value_loss_ep1,3.0504101514816284,,
standard_per_update,update_12,value_loss_ep2,2.910670757293701,,
standard_per_update,update_12,policy_grad_norm_ep1,0.7182735800743103,,
standard_per_update,update_12,policy_grad_norm_ep2,0.7196767926216125,,
standard_per_update,update_12,value_grad_norm_ep1,83.7418441772461,,
standard_per_update,update_12,value_grad_norm_ep2,71.70207977294922,,
standard_per_update,update_12,clip_fraction_ep1,0.0,,
standard_per_update,update_12,clip_fraction_ep2,0.0,,
standard_per_update,update_12,max_abs_log_ratio_ep2,0.02585434913635254,,
standard_per_update,update_12,length_mean,53.5,,
standard_per_update,update_12,length_sd,59.54200198179433,,
standard_per_update,update_12,n_eos,4,,
standard_per_update,update_12,n_truncated,0,,
standard_per_update,update_12,generated_tokens,214,,
standard_per_update,update_12,explained_variance,-1.7467502936077328,,
standard_per_update,update_12,stability_statistic,1.7823725459509277e-05,,
standard_per_update,update_12,n_rm_input_truncated,0,,
standard_per_update,update_13,reward_raw_mean,0.3486328125,,
standard_per_update,update_13,reward_effective_mean,0.3486328125,,
standard_per_update,update_13,kl,-0.00035640093847177923,,
standard_per_update,update_13,entropy,0.42908984422683716,,
standard_per_update,update_13,policy_loss_ep1,1.836995542049408,,
standard_per_update,update_13,policy_loss_ep2,1.8354161381721497,,
standard_per_update,update_13,value_loss_ep1,4.402758061885834,,
standard_per_update,update_13,value_loss_ep2,3.406428426504135,,
standard_per_update,update_13,policy_grad_norm_ep1,9.737902641296387,,
standard_per_update,update_13,policy_grad_norm_ep2,9.928722381591797,,
standard_per_update,update_13,value_grad_norm_ep1,374.3898010253906,,
standard_per_update,update_13,value_grad_norm_ep2,320.17041015625,,
standard_per_update,update_13,clip_fraction_ep1,0.0,,
standard_per_update,update_13,clip_fraction_ep2,0.0,,
standard_per_update,update_13,max_abs_log_ratio_ep2,0.0014162659645080566,,
standard_per_update,update_13,length_mean,2.0,,
standard_per_update,update_13,length_sd,0.0,,
standard_per_update,update_13,n_eos,4,,
standard_per_update,update_13,n_truncated,0,,
standard_per_update,update_13,generated_tokens,8,,
standard_per_update,update_13,explained_variance,-0.2596083451233302,,
standard_per_update,update_13,stability_statistic,0.00010357185834252148,,
standard_per_update,update_13,n_rm_input_truncated,0,,
standard_per_update,update_14,reward_raw_mean,1.9962158203125,,
standard_per_update,update_14,reward_effective_mean,1.7462158203125,,
standard_per_update,update_14,kl,0.00018332009494770318,,
standard_per_update,update_14,entropy,0.8414380550384521,,
standard_per_update,update_14,policy_loss_ep1,-0.07446594536304474,,
standard_per_update,update_14,policy_loss_ep2,-0.07448016852140427,,
standard_per_update,update_14,value_loss_ep1,3.227164924144745,,
standard_per_update,update_14,value_loss_ep2,3.1614968180656433,,
standard_per_update,update_14,policy_grad_norm_ep1,0.21199262142181396,,
standard_per_update,update_14,policy_grad_norm_ep2,0.2117459923028946,,
standard_per_update,update_14,value_grad_norm_ep1,37.17384338378906,,
standard_per_update,update_14,value_grad_norm_ep2,35.73112106323242,,
standard_per_update,update_14,clip_fraction_ep1,0.0,,
standard_per_update,update_14,clip_fraction_ep2,0.0,,
standard_per_update,update_14,max_abs_log_ratio_ep2,0.03769421577453613,,
standard_per_update,update_14,length_mean,426.5,,
standard_per_update,update_14,length_sd,50.03248944436005,,
standard_per_update,update_14,n_eos,3,,
standard_per_update,update_14,n_truncated,1,,
standard_per_update,update_14,generated_tokens,1706,,
standard_per_update,update_14,explained_variance,-1.8028747707220396,,
standard_per_update,update_14,stability_statistic,1.2353349661160666e-05,,
standard_per_update,update_14,n_rm_input_truncated,0,,
standard_per_update,update_15,reward_raw_mean,-0.27239227294921875,,
standard_per_update,update_15,reward_effective_mean,-1.0223922729492188,,
standard_per_update,update_15,kl,-0.00010866917727980763,,
standard_per_update,update_15,entropy,0.6224126815795898,,
standard_per_update,update_15,policy_loss_ep1,-0.031095912505406886,,
standard_per_update,update_15,policy_loss_ep2,-0.030827657436020672,,
standard_per_update,update_15,value_loss_ep1,3.743657499551773,,
standard_per_update,update_15,value_loss_ep2,3.668457865715027,,
standard_per_update,update_15,policy_grad_norm_ep1,0.18002548813819885,,
standard_per_update,update_15,policy_grad_norm_ep2,0.18010768294334412,,
standard_per_update,update_15,value_grad_norm_ep1,58.72025680541992,,
standard_per_update,update_15,value_grad_norm_ep2,56.96364974975586,,
standard_per_update,update_15,clip_fraction_ep1,0.0,,
standard_per_update,update_15,clip_fraction_ep2,0.0,,
standard_per_update,update_15,max_abs_log_ratio_ep2,0.028264522552490234,,
standard_per_update,update_15,length_mean,469.0,,
standard_per_update,update_15,length_sd,74.47818472546173,,
standard_per_update,update_15,n_eos,1,,
standard_per_update,update_15,n_truncated,3,,
standard_per_update,update_15,generated_tokens,1876,,
standard_per_update,update_15,explained_variance,-5.559061746346782,,
standard_per_update,update_15,stability_statistic,8.995489275906167e-06,,
standard_per_update,update_15,n_rm_input_truncated,0,,
standard_per_update,update_16,reward_raw_mean,1.9970703125,,
standard_per_update,update_16,reward_effective_mean,1.9970703125,,
standard_per_update,update_16,kl,-0.000563435023650527,,
standard_per_update,update_16,entropy,0.6635974049568176,,
standard_per_update,update_16,policy_loss_ep1,-0.6519400104880333,,
standard_per_update,update_16,policy_loss_ep2,-0.6529306769371033,,
standard_per_update,update_16,value_loss_ep1,3.7209029495716095,,
standard_per_update,update_16,value_loss_ep2,3.6142354011535645,,
standard_per_update,update_16,policy_grad_norm_ep1,0.8917472958564758,,
standard_per_update,update_16,policy_grad_norm_ep2,0.8895269632339478,,
standard_per_update,update_16,value_grad_norm_ep1,154.81898498535156,,
standard_per_update,update_16,value_grad_norm_ep2,143.39096069335938,,
standard_per_update,update_16,clip_fraction_ep1,0.0,,
standard_per_update,update_16,clip_fraction_ep2,0.0,,
standard_per_update,update_16,max_abs_log_ratio_ep2,0.035419762134552,,
standard_per_update,update_16,length_mean,53.25,,
standard_per_update,update_16,length_sd,32.61422235773835,,
standard_per_update,update_16,n_eos,4,,
standard_per_update,update_16,n_truncated,0,,
standard_per_update,update_16,generated_tokens,213,,
standard_per_update,update_16,explained_variance,-3.5809310164976225,,
standard_per_update,update_16,stability_statistic,1.958985583329747e-05,,
standard_per_update,update_16,n_rm_input_truncated,0,,
standard_per_update,update_17,reward_raw_mean,3.08056640625,,
standard_per_update,update_17,reward_effective_mean,3.08056640625,,
standard_per_update,update_17,kl,-3.933320112992078e-05,,
standard_per_update,update_17,entropy,0.9179955124855042,,
standard_per_update,update_17,policy_loss_ep1,-0.22466005012392998,,
standard_per_update,update_17,policy_loss_ep2,-0.2249082662165165,,
standard_per_update,update_17,value_loss_ep1,2.1965176463127136,,
standard_per_update,update_17,value_loss_ep2,2.116198867559433,,
standard_per_update,update_17,policy_grad_norm_ep1,0.19227439165115356,,
standard_per_update,update_17,policy_grad_norm_ep2,0.19237056374549866,,
standard_per_update,update_17,value_grad_norm_ep1,47.68634796142578,,
standard_per_update,update_17,value_grad_norm_ep2,25.070226669311523,,
standard_per_update,update_17,clip_fraction_ep1,0.0,,
standard_per_update,update_17,clip_fraction_ep2,0.0,,
standard_per_update,update_17,max_abs_log_ratio_ep2,0.029468059539794922,,
standard_per_update,update_17,length_mean,374.25,,
standard_per_update,update_17,length_sd,39.251592324388575,,
standard_per_update,update_17,n_eos,4,,
standard_per_update,update_17,n_truncated,0,,
standard_per_update,update_17,generated_tokens,1497,,
standard_per_update,update_17,explained_variance,-2.199824658126053,,
standard_per_update,update_17,stability_statistic,1.3475127062434007e-05,,
standard_per_update,update_17,n_rm_input_truncated,0,,
standard_per_update,update_18,reward_raw_mean,1.0006103515625,,
standard_per_update,update_18,reward_effective_mean,1.0006103515625,,
standard_per_update,update_18,kl,0.0001100225854315795,,
standard_per_update,update_18,entropy,0.5563220977783203,,
standard_per_update,update_18,policy_loss_ep1,-0.3161148987710476,,
standard_per_update,update_18,policy_loss_ep2,-0.3161172941327095,,
standard_per_update,update_18,value_loss_ep1,2.2703208923339844,,
standard_per_update,update_18,value_loss_ep2,2.15011665225029,,
standard_per_update,update_18,policy_grad_norm_ep1,0.298353910446167,,
standard_per_update,update_18,policy_grad_norm_ep2,0.29873159527778625,,
standard_per_update,update_18,value_grad_norm_ep1,69.07257080078125,,
standard_per_update,update_18,value_grad_norm_ep2,40.17645263671875,,
standard_per_update,update_18,clip_fraction_ep1,0.0,,
standard_per_update,update_18,clip_fraction_ep2,0.0,,
standard_per_update,update_18,max_abs_log_ratio_ep2,0.027635812759399414,,
standard_per_update,update_18,length_mean,140.75,,
standard_per_update,update_18,length_sd,61.848100213345276,,
standard_per_update,update_18,n_eos,4,,
standard_per_update,update_18,n_truncated,0,,
standard_per_update,update_18,generated_tokens,563,,
standard_per_update,update_18,explained_variance,-2.6139384623227384,,
standard_per_update,update_18,stability_statistic,1.0193615280193665e-05,,
standard_per_update,update_18,n_rm_input_truncated,0,,
standard_per_update,update_19,reward_raw_mean,0.80291748046875,,
standard_per_update,update_19,reward_effective_mean,0.80291748046875,,
standard_per_update,update_19,kl,-0.00015161166083998978,,
standard_per_update,update_19,entropy,0.9164464473724365,,
standard_per_update,update_19,policy_loss_ep1,-0.003844690043479204,,
standard_per_update,update_19,policy_loss_ep2,-0.003739686915650964,,
standard_per_update,update_19,value_loss_ep1,1.7947331964969635,,
standard_per_update,update_19,value_loss_ep2,1.715636357665062,,
standard_per_update,update_19,policy_grad_norm_ep1,0.2863074243068695,,
standard_per_update,update_19,policy_grad_norm_ep2,0.28650426864624023,,
standard_per_update,update_19,value_grad_norm_ep1,18.998872756958008,,
standard_per_update,update_19,value_grad_norm_ep2,34.16365432739258,,
standard_per_update,update_19,clip_fraction_ep1,0.0,,
standard_per_update,update_19,clip_fraction_ep2,0.0,,
standard_per_update,update_19,max_abs_log_ratio_ep2,0.025982141494750977,,
standard_per_update,update_19,length_mean,174.0,,
standard_per_update,update_19,length_sd,57.810033731178535,,
standard_per_update,update_19,n_eos,4,,
standard_per_update,update_19,n_truncated,0,,
standard_per_update,update_19,generated_tokens,696,,
standard_per_update,update_19,explained_variance,-11.041045063274838,,
standard_per_update,update_19,stability_statistic,1.4529351592068986e-05,,
standard_per_update,update_19,n_rm_input_truncated,0,,
standard_per_update,update_20,reward_raw_mean,3.13720703125,,
standard_per_update,update_20,reward_effective_mean,3.13720703125,,
standard_per_update,update_20,kl,-0.0002516437089070678,,
standard_per_update,update_20,entropy,0.9153944253921509,,
standard_per_update,update_20,policy_loss_ep1,-0.1505245715379715,,
standard_per_update,update_20,policy_loss_ep2,-0.1501380205154419,,
standard_per_update,update_20,value_loss_ep1,1.7645428478717804,,
standard_per_update,update_20,value_loss_ep2,1.681793063879013,,
standard_per_update,update_20,policy_grad_norm_ep1,0.2350616306066513,,
standard_per_update,update_20,policy_grad_norm_ep2,0.23555375635623932,,
standard_per_update,update_20,value_grad_norm_ep1,28.99773597717285,,
standard_per_update,update_20,value_grad_norm_ep2,24.34806251525879,,
standard_per_update,update_20,clip_fraction_ep1,0.0,,
standard_per_update,update_20,clip_fraction_ep2,0.0,,
standard_per_update,update_20,max_abs_log_ratio_ep2,0.029728412628173828,,
standard_per_update,update_20,length_mean,222.0,,
standard_per_update,update_20,length_sd,46.151923036857305,,
standard_per_update,update_20,n_eos,4,,
standard_per_update,update_20,n_truncated,0,,
standard_per_update,update_20,generated_tokens,888,,
standard_per_update,update_20,explained_variance,-6.506250494200997,,
standard_per_update,update_20,stability_statistic,1.3777715227897446e-05,,
standard_per_update,update_20,n_rm_input_truncated,0,,
kl_trend,standard,kl_ols_slope_per_update,-2.6962861426697525e-05,-4.7669235924168575e-05,-6.256486929226475e-06
critic_trends,standard,value_loss_ep1_ols_slope,-0.14112515268581255,-0.2744514089674246,-0.007798896404200506
critic_trends,standard,value_loss_ep1_mean_updates_1_5,4.433295351266861,,
critic_trends,standard,value_loss_ep1_mean_updates_16_20,2.3494035065174104,,
critic_trends,standard,value_loss_ep2_ols_slope,-0.11431032819463346,-0.2209475801216394,-0.007673076267627518
critic_trends,standard,value_loss_ep2_mean_updates_1_5,4.116485822200775,,
critic_trends,standard,value_loss_ep2_mean_updates_16_20,2.2555960685014727,,
critic_trends,standard,explained_variance_ols_slope,8.679866089997097,-11.656131987426873,29.015864167421064
critic_trends,standard,explained_variance_mean_updates_1_5,-6.17157016917803,,
critic_trends,standard,explained_variance_mean_updates_16_20,-5.1883979388844494,,
max_epoch2_clip_fraction,standard,max_epoch2_clip_fraction,0.0,,
cached_clip_study,eps_0.05,clip_fraction,0.15429997444152832,,
cached_clip_study,eps_0.05,affected_fraction,0.07658270932607215,,
cached_clip_study,eps_0.05,clipped_surrogate,0.14575450836735038,,
cached_clip_study,eps_0.05,unclipped_surrogate,0.17481737088821536,,
cached_clip_study,eps_0.2,clip_fraction,0.04129793494939804,,
cached_clip_study,eps_0.2,affected_fraction,0.019854776491944632,,
cached_clip_study,eps_0.2,clipped_surrogate,0.15397347175355672,,
cached_clip_study,eps_0.2,unclipped_surrogate,0.17481737088821536,,
cached_clip_study,eps_0.5,clip_fraction,0.021102791652083397,,
cached_clip_study,eps_0.5,affected_fraction,0.009984116178806445,,
cached_clip_study,eps_0.5,clipped_surrogate,0.15981412829668756,,
cached_clip_study,eps_0.5,unclipped_surrogate,0.17481737088821536,,
clip_fork_stability,eps_0.05,max,1.7760915446523927e-05,,
clip_fork_stability,eps_0.05,mean,1.071554618106769e-05,,
clip_fork_stability,eps_0.2,max,1.7760915446523927e-05,,
clip_fork_stability,eps_0.2,mean,1.071554618106769e-05,,
clip_fork_stability,eps_0.5,max,1.7760915446523927e-05,,
clip_fork_stability,eps_0.5,mean,1.071554618106769e-05,,
clip_fork_heldout,0.05,rm,1.8605002663352272,1.6673123076467802,2.0403960811730584
clip_fork_heldout,0.05,kl,1.565782137376505e-05,-2.6282731284465383e-05,5.565465465993016e-05
clip_fork_heldout,0.05,entropy,0.7893553358824258,0.7420748291450098,0.837245713562104
clip_fork_heldout,0.05,length,297.1757575757576,259.80560606060607,335.46090909090907
clip_fork_heldout,0.2,rm,1.8605002663352272,1.6673123076467802,2.0403960811730584
clip_fork_heldout,0.2,kl,1.565782137376505e-05,-2.6282731284465383e-05,5.565465465993016e-05
clip_fork_heldout,0.2,entropy,0.7893553358824258,0.7420748291450098,0.837245713562104
clip_fork_heldout,0.2,length,297.1757575757576,259.80560606060607,335.46090909090907
clip_fork_heldout,0.5,rm,1.8605002663352272,1.6673123076467802,2.0403960811730584
clip_fork_heldout,0.5,kl,1.565782137376505e-05,-2.6282731284465383e-05,5.565465465993016e-05
clip_fork_heldout,0.5,entropy,0.7893553358824258,0.7420748291450098,0.837245713562104
clip_fork_heldout,0.5,length,297.1757575757576,259.80560606060607,335.46090909090907
clip_fork_heldout,diff_0.05-0.2,rm,0.0,0.0,0.0
clip_fork_heldout,diff_0.05-0.2,kl,0.0,0.0,0.0
clip_fork_heldout,diff_0.05-0.2,entropy,0.0,0.0,0.0
clip_fork_heldout,diff_0.05-0.2,length,0.0,0.0,0.0
clip_fork_heldout,diff_0.05-0.5,rm,0.0,0.0,0.0
clip_fork_heldout,diff_0.05-0.5,kl,0.0,0.0,0.0
clip_fork_heldout,diff_0.05-0.5,entropy,0.0,0.0,0.0
clip_fork_heldout,diff_0.05-0.5,length,0.0,0.0,0.0
clip_fork_heldout,diff_0.2-0.5,rm,0.0,0.0,0.0
clip_fork_heldout,diff_0.2-0.5,kl,0.0,0.0,0.0
clip_fork_heldout,diff_0.2-0.5,entropy,0.0,0.0,0.0
clip_fork_heldout,diff_0.2-0.5,length,0.0,0.0,0.0
kl_fork_heldout,0.0,rm,1.8260509144176136,1.651113456957268,2.0001376712683476
kl_fork_heldout,0.0,kl,4.11282459704473e-05,-2.411745796580312e-06,8.512419184697263e-05
kl_fork_heldout,0.0,entropy,0.7813132068654574,0.7338177742514872,0.8292735902330441
kl_fork_heldout,0.0,length,298.5030303030303,260.8180303030303,337.17
kl_fork_heldout,0.1,rm,1.8605002663352272,1.6673123076467802,2.0403960811730584
kl_fork_heldout,0.1,kl,1.565782137376505e-05,-2.6282731284465383e-05,5.565465465993016e-05
kl_fork_heldout,0.1,entropy,0.7893553358824258,0.7420748291450098,0.837245713562104
kl_fork_heldout,0.1,length,297.1757575757576,259.80560606060607,335.46090909090907
kl_fork_heldout,0.2,rm,1.9361701734138257,1.7514205192797112,2.1084213349313448
kl_fork_heldout,0.2,kl,2.7337153215350793e-05,-2.1636758822725532e-05,7.668600210137856e-05
kl_fork_heldout,0.2,entropy,0.7838557779733069,0.7365227241752446,0.8313123231178007
kl_fork_heldout,0.2,length,303.6787878787879,265.7090909090909,342.6609090909091
kl_fork_heldout,diff_0.0-0.2,rm,-0.11011925899621211,-0.2080389034386837,-0.010022518273555988
kl_fork_heldout,diff_0.0-0.2,kl,1.3791092755096508e-05,-4.26516291050138e-05,7.049786076669676e-05
kl_fork_heldout,diff_0.0-0.2,entropy,-0.0025425711078495006,-0.023768866373576617,0.019096445264817328
kl_fork_heldout,diff_0.0-0.2,length,-5.175757575757586,-17.915757575757596,6.788030303030322
kl_fork_heldout,diff_0.0-0.1,rm,-0.03444935191761367,-0.15962852709221126,0.10278201016512771
kl_fork_heldout,diff_0.0-0.1,kl,2.547042459668225e-05,-2.6638498295444354e-05,7.939646244422514e-05
kl_fork_heldout,diff_0.0-0.1,entropy,-0.008042129016968436,-0.029799408882176706,0.013605497727534022
kl_fork_heldout,diff_0.0-0.1,length,1.3272727272727138,-11.975757575757543,14.806363636363638
kl_fork_heldout,diff_0.1-0.2,rm,-0.07566990707859844,-0.20064805464311083,0.03343861897786451
kl_fork_heldout,diff_0.1-0.2,kl,-1.1679331841585743e-05,-6.944049292095979e-05,4.448252232865423e-05
kl_fork_heldout,diff_0.1-0.2,entropy,0.005499557909118935,-0.010429047898197982,0.022985244753505787
kl_fork_heldout,diff_0.1-0.2,length,-6.5030303030303,-17.394242424242407,3.1280303030302905
kl_fork_beta0_vs_beta0p20,update_1,kl_diff_beta0_minus_beta0p20,0.0,,
kl_fork_beta0_vs_beta0p20,update_2,kl_diff_beta0_minus_beta0p20,-0.00010676730016712099,,
kl_fork_beta0_vs_beta0p20,update_3,kl_diff_beta0_minus_beta0p20,-0.00013415476132649928,,
kl_fork_beta0_vs_beta0p20,update_4,kl_diff_beta0_minus_beta0p20,0.00011729182006092742,,
kl_fork_beta0_vs_beta0p20,update_5,kl_diff_beta0_minus_beta0p20,-0.00025667705813248176,,
kl_fork_beta0_vs_beta0p20,update_6,kl_diff_beta0_minus_beta0p20,0.0004954154137521982,,
kl_fork_beta0_vs_beta0p20,update_7,kl_diff_beta0_minus_beta0p20,0.00027705758839147165,,
kl_fork_beta0_vs_beta0p20,update_8,kl_diff_beta0_minus_beta0p20,0.00036120013101026416,,
kl_fork_beta0_vs_beta0p20,first_constant_sign_update,kl,6,,
kl_fork_beta0_vs_beta0p20,update_1,reward_raw_mean_diff_beta0_minus_beta0p20,0.0,,
kl_fork_beta0_vs_beta0p20,update_2,reward_raw_mean_diff_beta0_minus_beta0p20,0.089813232421875,,
kl_fork_beta0_vs_beta0p20,update_3,reward_raw_mean_diff_beta0_minus_beta0p20,-0.020751953125,,
kl_fork_beta0_vs_beta0p20,update_4,reward_raw_mean_diff_beta0_minus_beta0p20,0.23974609375,,
kl_fork_beta0_vs_beta0p20,update_5,reward_raw_mean_diff_beta0_minus_beta0p20,0.19677734375,,
kl_fork_beta0_vs_beta0p20,update_6,reward_raw_mean_diff_beta0_minus_beta0p20,0.0,,
kl_fork_beta0_vs_beta0p20,update_7,reward_raw_mean_diff_beta0_minus_beta0p20,-0.035675048828125,,
kl_fork_beta0_vs_beta0p20,update_8,reward_raw_mean_diff_beta0_minus_beta0p20,0.0,,
kl_fork_beta0_vs_beta0p20,first_constant_sign_update,reward_raw_mean,none,,
kl_fork_beta0_vs_beta0p20,update_1,entropy_diff_beta0_minus_beta0p20,0.0,,
kl_fork_beta0_vs_beta0p20,update_2,entropy_diff_beta0_minus_beta0p20,0.0009500980377197266,,
kl_fork_beta0_vs_beta0p20,update_3,entropy_diff_beta0_minus_beta0p20,-0.03018122911453247,,
kl_fork_beta0_vs_beta0p20,update_4,entropy_diff_beta0_minus_beta0p20,-0.03285253047943115,,
kl_fork_beta0_vs_beta0p20,update_5,entropy_diff_beta0_minus_beta0p20,0.03729259967803955,,
kl_fork_beta0_vs_beta0p20,update_6,entropy_diff_beta0_minus_beta0p20,-0.0004954151809215546,,
kl_fork_beta0_vs_beta0p20,update_7,entropy_diff_beta0_minus_beta0p20,-0.08171248435974121,,
kl_fork_beta0_vs_beta0p20,update_8,entropy_diff_beta0_minus_beta0p20,-0.0003612004220485687,,
kl_fork_beta0_vs_beta0p20,first_constant_sign_update,entropy,6,,
kl_fork_beta0_vs_beta0p20,update_1,length_mean_diff_beta0_minus_beta0p20,0.0,,
kl_fork_beta0_vs_beta0p20,update_2,length_mean_diff_beta0_minus_beta0p20,0.0,,
kl_fork_beta0_vs_beta0p20,update_3,length_mean_diff_beta0_minus_beta0p20,0.0,,
kl_fork_beta0_vs_beta0p20,update_4,length_mean_diff_beta0_minus_beta0p20,-4.0,,
kl_fork_beta0_vs_beta0p20,update_5,length_mean_diff_beta0_minus_beta0p20,16.5,,
kl_fork_beta0_vs_beta0p20,update_6,length_mean_diff_beta0_minus_beta0p20,0.0,,
kl_fork_beta0_vs_beta0p20,update_7,length_mean_diff_beta0_minus_beta0p20,-8.0,,
kl_fork_beta0_vs_beta0p20,update_8,length_mean_diff_beta0_minus_beta0p20,0.0,,
kl_fork_beta0_vs_beta0p20,first_constant_sign_update,length_mean,none,,
standard_heldout,standard,rm,1.7359627463600853,1.5427724289171625,1.9226538062818121
standard_heldout,standard,kl,3.924534477826926e-05,-8.387528058987007e-06,8.645707137403769e-05
standard_heldout,standard,entropy,0.7993554162859615,0.7512937498594139,0.8471591680839334
standard_heldout,standard,length,291.04848484848486,253.31469696969697,330.0978787878788
standard_heldout,standard,truncation_rate_at_768,0.08484848484848485,,
budget,standard,updates_completed,20,,
budget,standard,generated_tokens_total,17425,,
budget,fork_eps0p05_kl0p10,updates_completed,8,,
budget,fork_eps0p05_kl0p10,generated_tokens_total,7525,,
budget,fork_eps0p20_kl0p00,updates_completed,8,,
budget,fork_eps0p20_kl0p00,generated_tokens_total,7411,,
budget,fork_eps0p20_kl0p10,updates_completed,8,,
budget,fork_eps0p20_kl0p10,generated_tokens_total,7525,,
budget,fork_eps0p20_kl0p20,updates_completed,8,,
budget,fork_eps0p20_kl0p20,generated_tokens_total,7393,,
budget,fork_eps0p50_kl0p10,updates_completed,8,,
budget,fork_eps0p50_kl0p10,generated_tokens_total,7525,,
