section,dataset,subject,quantity,point,ci_low,ci_high,n,resolution_points
policy,gsm,sft,accuracy,0.31,0.25666666666666665,0.36333333333333334,300,0.3333333333333333
policy,gsm,sft,format_compliance,0.4633333333333333,0.4066666666666667,0.52,300,0.3333333333333333
policy,gsm,sft,mean_length,280.16,269.74975,290.82025,300,0.3333333333333333
failure_type,gsm,sft,correct,93,,,300,
failure_type,gsm,sft,wrong_compliant_gold_present,7,,,300,
failure_type,gsm,sft,wrong_compliant_gold_absent,39,,,300,
failure_type,gsm,sft,noncompliant_truncated,11,,,300,
failure_type,gsm,sft,noncompliant_ended,150,,,300,
policy,gsm,sft,length_sd,92.52600211111829,,,300,
policy,gsm,sft,length_iqr,123.25,,,300,
policy,gsm,sft,n_truncated_at_cap,12,,,300,
policy,gsm,rlvr,accuracy,0.2966666666666667,0.24666666666666667,0.3466666666666667,300,0.3333333333333333
policy,gsm,rlvr,format_compliance,0.41,0.3566666666666667,0.4666666666666667,300,0.3333333333333333
policy,gsm,rlvr,mean_length,284.46,273.92333333333335,295.11008333333336,300,0.3333333333333333
failure_type,gsm,rlvr,correct,89,,,300,
failure_type,gsm,rlvr,wrong_compliant_gold_present,7,,,300,
failure_type,gsm,rlvr,wrong_compliant_gold_absent,27,,,300,
failure_type,gsm,rlvr,noncompliant_truncated,11,,,300,
failure_type,gsm,rlvr,noncompliant_ended,166,,,300,
policy,gsm,rlvr,length_sd,95.17899838374709,,,300,
policy,gsm,rlvr,length_iqr,128.25,,,300,
policy,gsm,rlvr,n_truncated_at_cap,11,,,300,
policy,gsm,rlaif,accuracy,0.27666666666666667,0.22666666666666666,0.32666666666666666,300,0.3333333333333333
policy,gsm,rlaif,format_compliance,0.42333333333333334,0.36666666666666664,0.48,300,0.3333333333333333
policy,gsm,rlaif,mean_length,287.22333333333336,276.63975,298.0034166666667,300,0.3333333333333333
failure_type,gsm,rlaif,correct,83,,,300,
failure_type,gsm,rlaif,wrong_compliant_gold_present,7,,,300,
failure_type,gsm,rlaif,wrong_compliant_gold_absent,37,,,300,
failure_type,gsm,rlaif,noncompliant_truncated,7,,,300,
failure_type,gsm,rlaif,noncompliant_ended,166,,,300,
policy,gsm,rlaif,length_sd,95.24316312587598,,,300,
policy,gsm,rlaif,length_iqr,119.0,,,300,
policy,gsm,rlaif,n_truncated_at_cap,7,,,300,
paired_difference,gsm,rlvr_minus_sft,accuracy,-0.013333333333333308,-0.08333333333333331,0.05666666666666664,,
paired_difference,gsm,rlvr_minus_sft,format_compliance,-0.053333333333333344,-0.1266666666666667,0.023333333333333317,,
paired_difference,gsm,rlvr_minus_sft,mean_length,4.2999999999999545,-6.026833333333364,14.356666666666626,,
paired_difference,gsm,rlaif_minus_sft,accuracy,-0.033333333333333326,-0.09333333333333332,0.026666666666666672,,
paired_difference,gsm,rlaif_minus_sft,format_compliance,-0.03999999999999998,-0.10666666666666669,0.02999999999999997,,
paired_difference,gsm,rlaif_minus_sft,mean_length,7.063333333333333,-1.8769166666666661,15.786749999999966,,
paired_difference,gsm,rlvr_minus_rlaif,accuracy,0.020000000000000018,-0.04666666666666666,0.08666666666666667,,
paired_difference,gsm,rlvr_minus_rlaif,format_compliance,-0.013333333333333364,-0.08666666666666667,0.06,,
paired_difference,gsm,rlvr_minus_rlaif,mean_length,-2.763333333333378,-12.563333333333333,7.113666666666672,,
win_rate,gsm,rlvr_vs_sft,win_rate,0.5116666666666667,0.48833333333333334,0.535,300,0.3333333333333333
win_counts,gsm,rlvr_vs_sft,win,29,,,300,
win_counts,gsm,rlvr_vs_sft,loss,22,,,300,
win_counts,gsm,rlvr_vs_sft,tie,249,,,300,
win_counts,gsm,rlvr_vs_sft,parse_failure,0,,,300,
agreement_A,gsm,rlvr_vs_sft,judge_prefers_verifier_correct,0.10526315789473684,0.05263157894736842,0.16666666666666666,114,0.8771929824561403
win_rate,gsm,rlaif_vs_sft,win_rate,0.49333333333333335,0.47333333333333333,0.5116666666666667,300,0.3333333333333333
win_counts,gsm,rlaif_vs_sft,win,16,,,300,
win_counts,gsm,rlaif_vs_sft,loss,20,,,300,
win_counts,gsm,rlaif_vs_sft,tie,264,,,300,
win_counts,gsm,rlaif_vs_sft,parse_failure,0,,,300,
agreement_A,gsm,rlaif_vs_sft,judge_prefers_verifier_correct,0.10714285714285714,0.047619047619047616,0.17857142857142858,84,1.1904761904761905
win_rate,gsm,rlvr_minus_rlaif,win_rate_difference,0.018333333333333368,-0.010000000000000009,0.04666666666666669,,
policy,transfer,sft,accuracy,0.54,0.44,0.64,100,1.0
policy,transfer,sft,format_compliance,0.63,0.53,0.72,100,1.0
policy,transfer,sft,mean_length,160.88,146.86975,175.90075,100,1.0
failure_type,transfer,sft,correct,54,,,100,
failure_type,transfer,sft,wrong_compliant_gold_present,3,,,100,
failure_type,transfer,sft,wrong_compliant_gold_absent,6,,,100,
failure_type,transfer,sft,noncompliant_truncated,0,,,100,
failure_type,transfer,sft,noncompliant_ended,37,,,100,
policy,transfer,sft,length_sd,73.85922826566767,,,100,
policy,transfer,sft,length_iqr,72.75,,,100,
policy,transfer,sft,n_truncated_at_cap,0,,,100,
policy,transfer,rlvr,accuracy,0.53,0.43,0.63,100,1.0
policy,transfer,rlvr,format_compliance,0.63,0.53,0.72,100,1.0
policy,transfer,rlvr,mean_length,160.15,146.16975,175.11,100,1.0
failure_type,transfer,rlvr,correct,53,,,100,
failure_type,transfer,rlvr,wrong_compliant_gold_present,3,,,100,
failure_type,transfer,rlvr,wrong_compliant_gold_absent,7,,,100,
failure_type,transfer,rlvr,noncompliant_truncated,0,,,100,
failure_type,transfer,rlvr,noncompliant_ended,37,,,100,
policy,transfer,rlvr,length_sd,73.51998027747288,,,100,
policy,transfer,rlvr,length_iqr,73.0,,,100,
policy,transfer,rlvr,n_truncated_at_cap,0,,,100,
policy,transfer,rlaif,accuracy,0.56,0.46,0.66,100,1.0
policy,transfer,rlaif,format_compliance,0.65,0.56,0.74,100,1.0
policy,transfer,rlaif,mean_length,153.97,141.75975,167.0,100,1.0
failure_type,transfer,rlaif,correct,56,,,100,
failure_type,transfer,rlaif,wrong_compliant_gold_present,2,,,100,
failure_type,transfer,rlaif,wrong_compliant_gold_absent,7,,,100,
failure_type,transfer,rlaif,noncompliant_truncated,0,,,100,
failure_type,transfer,rlaif,noncompliant_ended,35,,,100,
policy,transfer,rlaif,length_sd,63.83783439309325,,,100,
policy,transfer,rlaif,length_iqr,77.5,,,100,
policy,transfer,rlaif,n_truncated_at_cap,0,,,100,
paired_difference,transfer,rlvr_minus_sft,accuracy,-0.010000000000000009,-0.030000000000000027,0.0,,
paired_difference,transfer,rlvr_minus_sft,format_compliance,0.0,0.0,0.0,,
paired_difference,transfer,rlvr_minus_sft,mean_length,-0.7299999999999898,-1.9300000000000068,0.06999999999999318,,
paired_difference,transfer,rlaif_minus_sft,accuracy,0.020000000000000018,-0.07999999999999996,0.11999999999999994,,
paired_difference,transfer,rlaif_minus_sft,format_compliance,0.020000000000000018,-0.07999999999999996,0.12,,
paired_difference,transfer,rlaif_minus_sft,mean_length,-6.909999999999997,-18.160499999999995,3.5999999999999943,,
paired_difference,transfer,rlvr_minus_rlaif,accuracy,-0.030000000000000027,-0.13,0.06999999999999995,,
paired_difference,transfer,rlvr_minus_rlaif,format_compliance,-0.020000000000000018,-0.12,0.07999999999999996,,
paired_difference,transfer,rlvr_minus_rlaif,mean_length,6.180000000000007,-4.220249999999998,17.310000000000002,,
win_rate,transfer,rlvr_vs_sft,win_rate,0.49,0.445,0.535,100,1.0
win_counts,transfer,rlvr_vs_sft,win,10,,,100,
win_counts,transfer,rlvr_vs_sft,loss,12,,,100,
win_counts,transfer,rlvr_vs_sft,tie,78,,,100,
win_counts,transfer,rlvr_vs_sft,parse_failure,0,,,100,
agreement_A,transfer,rlvr_vs_sft,judge_prefers_verifier_correct,0.0,0.0,0.0,1,100.0
win_rate,transfer,rlaif_vs_sft,win_rate,0.52,0.47,0.57,100,1.0
win_counts,transfer,rlaif_vs_sft,win,16,,,100,
win_counts,transfer,rlaif_vs_sft,loss,12,,,100,
win_counts,transfer,rlaif_vs_sft,tie,72,,,100,
win_counts,transfer,rlaif_vs_sft,parse_failure,0,,,100,
agreement_A,transfer,rlaif_vs_sft,judge_prefers_verifier_correct,0.3333333333333333,0.16666666666666666,0.5,24,4.166666666666667
win_rate,transfer,rlvr_minus_rlaif,win_rate_difference,-0.030000000000000027,-0.09000000000000002,0.02999999999999997,,
drop_svamp_minus_gsm,both,sft,accuracy,0.23000000000000004,0.12,0.34333333333333327,,
drop_svamp_minus_gsm,both,sft,format_compliance,0.16666666666666669,0.0566666666666667,0.2766666666666666,,
drop_svamp_minus_gsm,both,sft,mean_length,-119.28000000000003,-137.33666666666667,-100.98316666666666,,
drop_svamp_minus_gsm,both,rlvr,accuracy,0.23333333333333334,0.12666666666666665,0.3433333333333333,,
drop_svamp_minus_gsm,both,rlvr,format_compliance,0.22000000000000003,0.11000000000000004,0.32999999999999996,,
drop_svamp_minus_gsm,both,rlvr,mean_length,-124.30999999999997,-141.80066666666667,-106.05275000000002,,
drop_svamp_minus_gsm,both,rlvr,win_rate_vs_sft,-0.021666666666666723,-0.0733333333333333,0.030000000000000027,,
drop_svamp_minus_gsm,both,rlaif,accuracy,0.2833333333333334,0.17333333333333328,0.39333333333333337,,
drop_svamp_minus_gsm,both,rlaif,format_compliance,0.22666666666666668,0.11666666666666664,0.3333333333333333,,
drop_svamp_minus_gsm,both,rlaif,mean_length,-133.25333333333336,-149.9348333333333,-116.81966666666669,,
drop_svamp_minus_gsm,both,rlaif,win_rate_vs_sft,0.026666666666666672,-0.02833333333333332,0.08166666666666661,,
diagnostic_verifier,diagnostics,reasoning_corrupt,better_rate,0.0,0.0,0.0,20,5.0
diagnostic_verifier,diagnostics,reasoning_corrupt,tie_rate,1.0,1.0,1.0,20,5.0
diagnostic_verifier,diagnostics,reasoning_corrupt,wrong_rate,0.0,0.0,0.0,20,5.0
diagnostic_verifier,diagnostics,reasoning_corrupt,parse_failure_rate,0.0,0.0,0.0,20,5.0
diagnostic_verifier,diagnostics,wrong_final,better_rate,1.0,1.0,1.0,20,5.0
diagnostic_verifier,diagnostics,wrong_final,tie_rate,0.0,0.0,0.0,20,5.0
diagnostic_verifier,diagnostics,wrong_final,wrong_rate,0.0,0.0,0.0,20,5.0
diagnostic_verifier,diagnostics,wrong_final,parse_failure_rate,0.0,0.0,0.0,20,5.0
diagnostic_verifier,diagnostics,filler,better_rate,0.0,0.0,0.0,20,5.0
diagnostic_verifier,diagnostics,filler,tie_rate,1.0,1.0,1.0,20,5.0
diagnostic_verifier,diagnostics,filler,wrong_rate,0.0,0.0,0.0,20,5.0
diagnostic_verifier,diagnostics,filler,parse_failure_rate,0.0,0.0,0.0,20,5.0
diagnostic_verifier,diagnostics,gold_distractor,better_rate,1.0,1.0,1.0,20,5.0
diagnostic_verifier,diagnostics,gold_distractor,tie_rate,0.0,0.0,0.0,20,5.0
diagnostic_verifier,diagnostics,gold_distractor,wrong_rate,0.0,0.0,0.0,20,5.0
diagnostic_verifier,diagnostics,gold_distractor,parse_failure_rate,0.0,0.0,0.0,20,5.0
diagnostic_verifier,diagnostics,S_reason,better_rate,0.0,0.0,0.0,20,5.0
diagnostic_verifier,diagnostics,S_outcome,better_rate,1.0,1.0,1.0,20,5.0
diagnostic_judge,diagnostics,reasoning_corrupt,better_rate,0.0,0.0,0.0,20,5.0
diagnostic_judge,diagnostics,reasoning_corrupt,tie_rate,1.0,1.0,1.0,20,5.0
diagnostic_judge,diagnostics,reasoning_corrupt,wrong_rate,0.0,0.0,0.0,20,5.0
diagnostic_judge,diagnostics,reasoning_corrupt,parse_failure_rate,0.0,0.0,0.0,20,5.0
diagnostic_judge,diagnostics,wrong_final,better_rate,0.0,0.0,0.0,20,5.0
diagnostic_judge,diagnostics,wrong_final,tie_rate,1.0,1.0,1.0,20,5.0
diagnostic_judge,diagnostics,wrong_final,wrong_rate,0.0,0.0,0.0,20,5.0
diagnostic_judge,diagnostics,wrong_final,parse_failure_rate,0.0,0.0,0.0,20,5.0
diagnostic_judge,diagnostics,filler,better_rate,0.0,0.0,0.0,20,5.0
diagnostic_judge,diagnostics,filler,tie_rate,0.75,0.55,0.9,20,5.0
diagnostic_judge,diagnostics,filler,wrong_rate,0.25,0.1,0.45,20,5.0
diagnostic_judge,diagnostics,filler,parse_failure_rate,0.0,0.0,0.0,20,5.0
diagnostic_judge,diagnostics,gold_distractor,better_rate,0.25,0.1,0.45,20,5.0
diagnostic_judge,diagnostics,gold_distractor,tie_rate,0.7,0.5,0.9,20,5.0
diagnostic_judge,diagnostics,gold_distractor,wrong_rate,0.05,0.0,0.15,20,5.0
diagnostic_judge,diagnostics,gold_distractor,parse_failure_rate,0.0,0.0,0.0,20,5.0
diagnostic_judge,diagnostics,S_reason,better_rate,0.0,0.0,0.0,20,5.0
diagnostic_judge,diagnostics,S_outcome,better_rate,0.0,0.0,0.0,20,5.0
position_swap,diagnostics,reasoning_corrupt,unchanged_rate,1.0,,,20,5.0
position_swap,diagnostics,wrong_final,unchanged_rate,0.85,,,20,5.0
position_swap,diagnostics,filler,unchanged_rate,0.75,,,20,5.0
position_swap,diagnostics,gold_distractor,unchanged_rate,0.4,,,20,5.0
