scope,condition,quantity,point,ci_low,ci_high
all,K2,informative_rate,0.9375,0.8333333333333334,1.0
all,K2,uninformative_rate,0.0625,0.0,0.16666666666666663
all,K2,mean_within_group_std,0.3845672607421875,0.2689071655273438,0.5293055216471354
all,K2,pooled_advantage_var,0.9375,0.8333333333333334,1.0
all,K2,regrouping_noise,0.5386904761904762,0.4872448979591837,0.5676020408163266
all,K2,sign_flip_rate,0.22515527950310557,0.21816770186335402,0.2329192546583851
all,K2,no_signal_rate,0.010869565217391302,0.002976190476190476,0.022108843537414963
all,K2,agree_rate,0.7639751552795031,0.7516233766233766,0.7727272727272727
all,K4,informative_rate,0.9583333333333334,0.875,1.0
all,K4,uninformative_rate,0.04166666666666663,0.0,0.125
all,K4,mean_within_group_std,0.5410043647319412,0.40126351994605197,0.7080411269253145
all,K4,pooled_advantage_var,0.9583333333333334,0.875,1.0
all,K4,regrouping_noise,0.1950208771012473,0.17342625251994237,0.21052005327352288
all,K4,sign_flip_rate,0.12701863354037268,0.10512422360248447,0.1494047619047619
all,K4,no_signal_rate,0.0017080745341614906,0.0004464285714285714,0.0035714285714285713
all,K4,agree_rate,0.8712732919254658,0.8482919254658385,0.893200421472937
all,K8,informative_rate,0.9583333333333334,0.875,1.0
all,K8,uninformative_rate,0.04166666666666663,0.0,0.125
all,K8,mean_within_group_std,0.6190544134665206,0.4643442378289761,0.796705311484964
all,K8,pooled_advantage_var,0.9583333333333334,0.875,1.0
all,K8,regrouping_noise,0.0,0.0,0.0
all,K8,sign_flip_rate,0.0,0.0,0.0
all,K8,no_signal_rate,0.0,0.0,0.0
all,K8,agree_rate,1.0,1.0,1.0
all,K2_minus_K8,informative_rate,-0.02083333333333337,-0.05208333333333337,0.0
all,K2_minus_K8,uninformative_rate,0.02083333333333337,0.0,0.05208333333333337
all,K2_minus_K8,mean_within_group_std,-0.23448715272433307,-0.33325460986831423,-0.15761673948273244
all,K2_minus_K8,pooled_advantage_var,-0.02083333333333337,-0.05208333333333337,0.0
all,K2_minus_K8,regrouping_noise,0.5386904761904762,0.4872448979591837,0.5676020408163266
all,K2_minus_K8,sign_flip_rate,0.22515527950310557,0.21816770186335402,0.2329192546583851
all,K2_minus_K8,no_signal_rate,0.010869565217391302,0.002976190476190476,0.022108843537414963
all,K2_minus_K8,agree_rate,-0.2360248447204969,-0.24837662337662336,-0.2272727272727273
bin1_low_reward,K2,informative_rate,0.84375,0.59375,1.0
bin1_low_reward,K2,uninformative_rate,0.15625,0.0,0.40625
bin1_low_reward,K2,mean_within_group_std,0.49340057373046875,0.22720375061035156,0.8545684814453125
bin1_low_reward,K2,pooled_advantage_var,0.84375,0.59375,1.0
bin1_low_reward,K2,regrouping_noise,0.4961734693877551,0.35331632653061223,0.5714285714285714
bin1_low_reward,K2,sign_flip_rate,0.22704081632653056,0.2107142857142857,0.24999999999999997
bin1_low_reward,K2,no_signal_rate,0.00510204081632653,0.0,0.015306122448979591
bin1_low_reward,K2,agree_rate,0.7678571428571429,0.7474489795918368,0.7821428571428571
bin1_low_reward,K4,informative_rate,0.875,0.625,1.0
bin1_low_reward,K4,uninformative_rate,0.125,0.0,0.375
bin1_low_reward,K4,mean_within_group_std,0.6614877562072954,0.3168653115846642,1.0893310299385952
bin1_low_reward,K4,pooled_advantage_var,0.875,0.625,1.0
bin1_low_reward,K4,regrouping_noise,0.16791811923474856,0.11629148267844519,0.19880519801335425
bin1_low_reward,K4,sign_flip_rate,0.10357142857142858,0.08571428571428572,0.12193877551020409
bin1_low_reward,K4,no_signal_rate,0.0,0.0,0.0
bin1_low_reward,K4,agree_rate,0.8964285714285715,0.878061224489796,0.9142857142857143
bin1_low_reward,K8,informative_rate,0.875,0.625,1.0
bin1_low_reward,K8,uninformative_rate,0.125,0.0,0.375
bin1_low_reward,K8,mean_within_group_std,0.7633688437029319,0.41145064149449184,1.1850495551675295
bin1_low_reward,K8,pooled_advantage_var,0.875,0.625,1.0
bin1_low_reward,K8,regrouping_noise,0.0,0.0,0.0
bin1_low_reward,K8,sign_flip_rate,0.0,0.0,0.0
bin1_low_reward,K8,no_signal_rate,0.0,0.0,0.0
bin1_low_reward,K8,agree_rate,1.0,1.0,1.0
bin1_low_reward,K2_minus_K8,informative_rate,-0.03125,-0.09375,0.0
bin1_low_reward,K2_minus_K8,uninformative_rate,0.03125,0.0,0.09375
bin1_low_reward,K2_minus_K8,mean_within_group_std,-0.26996826997246315,-0.4140048876565576,-0.14846854444261137
bin1_low_reward,K2_minus_K8,pooled_advantage_var,-0.03125,-0.09375,0.0
bin1_low_reward,K2_minus_K8,regrouping_noise,0.4961734693877551,0.35331632653061223,0.5714285714285714
bin1_low_reward,K2_minus_K8,sign_flip_rate,0.22704081632653056,0.2107142857142857,0.24999999999999997
bin1_low_reward,K2_minus_K8,no_signal_rate,0.00510204081632653,0.0,0.015306122448979591
bin1_low_reward,K2_minus_K8,agree_rate,-0.2321428571428571,-0.25255102040816324,-0.21785714285714286
bin2_mid_reward,K2,informative_rate,0.96875,0.90625,1.0
bin2_mid_reward,K2,uninformative_rate,0.03125,0.0,0.09375
bin2_mid_reward,K2,mean_within_group_std,0.41237640380859375,0.25244140625,0.6044815063476561
bin2_mid_reward,K2,pooled_advantage_var,0.96875,0.90625,1.0
bin2_mid_reward,K2,regrouping_noise,0.5561224489795917,0.5331632653061225,0.5714285714285714
bin2_mid_reward,K2,sign_flip_rate,0.22544642857142855,0.21875,0.22991071428571425
bin2_mid_reward,K2,no_signal_rate,0.017857142857142856,0.0,0.04464285714285714
bin2_mid_reward,K2,agree_rate,0.7566964285714286,0.7276785714285714,0.7767857142857143
bin2_mid_reward,K4,informative_rate,1.0,1.0,1.0
bin2_mid_reward,K4,uninformative_rate,0.0,0.0,0.0
bin2_mid_reward,K4,mean_within_group_std,0.5516941225351226,0.36127582478139497,0.7602241301701362
bin2_mid_reward,K4,pooled_advantage_var,1.0,1.0,1.0
bin2_mid_reward,K4,regrouping_noise,0.21714185243803993,0.20040871815380865,0.23405128575781212
bin2_mid_reward,K4,sign_flip_rate,0.14955357142857142,0.11428571428571428,0.18483258928571414
bin2_mid_reward,K4,no_signal_rate,0.0013392857142857143,0.0,0.003125
bin2_mid_reward,K4,agree_rate,0.8491071428571428,0.8142857142857143,0.8839285714285714
bin2_mid_reward,K8,informative_rate,1.0,1.0,1.0
bin2_mid_reward,K8,uninformative_rate,0.0,0.0,0.0
bin2_mid_reward,K8,mean_within_group_std,0.5990220788024174,0.40039960279898684,0.8105266774787478
bin2_mid_reward,K8,pooled_advantage_var,1.0,0.9999999999999999,1.0
bin2_mid_reward,K8,regrouping_noise,0.0,0.0,0.0
bin2_mid_reward,K8,sign_flip_rate,0.0,0.0,0.0
bin2_mid_reward,K8,no_signal_rate,0.0,0.0,0.0
bin2_mid_reward,K8,agree_rate,1.0,1.0,1.0
bin2_mid_reward,K2_minus_K8,informative_rate,-0.03125,-0.09375,0.0
bin2_mid_reward,K2_minus_K8,uninformative_rate,0.03125,0.0,0.09375
bin2_mid_reward,K2_minus_K8,mean_within_group_std,-0.18664567499382367,-0.2868171715322321,-0.10887354338600325
bin2_mid_reward,K2_minus_K8,pooled_advantage_var,-0.03125,-0.09375,1.1102230246251565e-16
bin2_mid_reward,K2_minus_K8,regrouping_noise,0.5561224489795917,0.5331632653061225,0.5714285714285714
bin2_mid_reward,K2_minus_K8,sign_flip_rate,0.22544642857142855,0.21875,0.22991071428571425
bin2_mid_reward,K2_minus_K8,no_signal_rate,0.017857142857142856,0.0,0.04464285714285714
bin2_mid_reward,K2_minus_K8,agree_rate,-0.2433035714285714,-0.2723214285714286,-0.2232142857142857
bin3_high_reward,K2,informative_rate,1.0,1.0,1.0
bin3_high_reward,K2,uninformative_rate,0.0,0.0,0.0
bin3_high_reward,K2,mean_within_group_std,0.2479248046875,0.1661376953125,0.34643859863281246
bin3_high_reward,K2,pooled_advantage_var,1.0,1.0,1.0
bin3_high_reward,K2,regrouping_noise,0.5637755102040817,0.552295918367347,0.5714285714285714
bin3_high_reward,K2,sign_flip_rate,0.2232142857142857,0.20982142857142855,0.23214285714285715
bin3_high_reward,K2,no_signal_rate,0.008928571428571428,0.0,0.02232142857142857
bin3_high_reward,K2,agree_rate,0.7678571428571429,0.7678571428571428,0.7678571428571429
bin3_high_reward,K4,informative_rate,1.0,1.0,1.0
bin3_high_reward,K4,uninformative_rate,0.0,0.0,0.0
bin3_high_reward,K4,mean_within_group_std,0.4098312154534056,0.2778293542568743,0.5425734834114663
bin3_high_reward,K4,pooled_advantage_var,1.0,1.0,1.0
bin3_high_reward,K4,regrouping_noise,0.20000265963095343,0.18786653618328011,0.21364690351310558
bin3_high_reward,K4,sign_flip_rate,0.125,0.07946428571428571,0.17232142857142857
bin3_high_reward,K4,no_signal_rate,0.0035714285714285713,0.0004464285714285714,0.008035714285714285
bin3_high_reward,K4,agree_rate,0.8714285714285714,0.821875,0.9178571428571428
bin3_high_reward,K8,informative_rate,1.0,1.0,1.0
bin3_high_reward,K8,uninformative_rate,0.0,0.0,0.0
bin3_high_reward,K8,mean_within_group_std,0.49477231789421244,0.2983318488906799,0.736920454708053
bin3_high_reward,K8,pooled_advantage_var,1.0,1.0,1.0
bin3_high_reward,K8,regrouping_noise,0.0,0.0,0.0
bin3_high_reward,K8,sign_flip_rate,0.0,0.0,0.0
bin3_high_reward,K8,no_signal_rate,0.0,0.0,0.0
bin3_high_reward,K8,agree_rate,1.0,1.0,1.0
bin3_high_reward,K2_minus_K8,informative_rate,0.0,0.0,0.0
bin3_high_reward,K2_minus_K8,uninformative_rate,0.0,0.0,0.0
bin3_high_reward,K2_minus_K8,mean_within_group_std,-0.24684751320671244,-0.4803815057511751,-0.09612330335804498
bin3_high_reward,K2_minus_K8,pooled_advantage_var,0.0,0.0,0.0
bin3_high_reward,K2_minus_K8,regrouping_noise,0.5637755102040817,0.552295918367347,0.5714285714285714
bin3_high_reward,K2_minus_K8,sign_flip_rate,0.2232142857142857,0.20982142857142855,0.23214285714285715
bin3_high_reward,K2_minus_K8,no_signal_rate,0.008928571428571428,0.0,0.02232142857142857
bin3_high_reward,K2_minus_K8,agree_rate,-0.2321428571428571,-0.2321428571428572,-0.2321428571428571
