section,condition,metric,point,ci_low,ci_high,update
heldout,grpo,rm,1.872648759321733,1.6936689665823272,2.0407329836758703,
heldout,grpo,kl,2.9620304551347995e-05,-1.3411755612144981e-05,7.538620813878243e-05,
heldout,grpo,entropy,0.7859399599402983,0.7350308204720962,0.837041015252851,
heldout,grpo,length,303.53939393939396,265.2660606060606,343.15272727272725,
heldout,dr_grpo,rm,1.8486034046519886,1.6610490371241715,2.0235280216101446,
heldout,dr_grpo,kl,3.26309511048166e-05,-7.569181633442193e-06,7.066746127993731e-05,
heldout,dr_grpo,entropy,0.7621014060942006,0.7113683925127358,0.8116623303017103,
heldout,dr_grpo,length,311.1818181818182,273.0178787878788,350.09181818181816,
heldout_paired_difference,dr_grpo-grpo,rm,-0.024045354669744334,-0.13866160306063563,0.08437429717092818,
heldout_paired_difference,dr_grpo-grpo,kl,3.0106465534686043e-06,-4.5416072430221936e-05,4.8258205473584305e-05,
heldout_paired_difference,dr_grpo-grpo,entropy,-0.023838553846097676,-0.05007339545233462,0.0029031858983086536,
heldout_paired_difference,dr_grpo-grpo,length,7.642424242424227,-6.521363636363617,21.557575757575762,
length,fork_grpo,n_completions,14,,,
length,fork_grpo,n_excluded_zero_advantage,8,,,
length,fork_grpo,n_T_le_256,11,,,
length,fork_grpo,n_T_gt_256,3,,,
length,fork_grpo,spearman_T_vs_grad_per_abs_adv,-0.7775349258084499,-0.994325271641832,-0.30666474556520074,
length,fork_grpo,mean_grad_per_abs_adv_T_le_256,0.8468274760160202,0.6557492282330908,1.1237300563396884,
length,fork_grpo,mean_grad_per_abs_adv_T_gt_256,0.3084971250364867,0.2929512566497569,0.3200100098777213,
length,fork_grpo,mean_analytic_token_weight,0.013925142266953962,0.006602130038404432,0.02327866176770292,
length,fork_grpo,mean_analytic_token_weight_T_le_256,0.017254375514742466,0.00838127150439414,0.028341447763900286,
length,fork_grpo,mean_analytic_token_weight_T_gt_256,0.0017179536917294464,0.0008186479679851576,0.002554413282646323,
length,fork_dr_grpo,n_completions,14,,,
length,fork_dr_grpo,n_excluded_zero_advantage,8,,,
length,fork_dr_grpo,n_T_le_256,8,,,
length,fork_dr_grpo,n_T_gt_256,6,,,
length,fork_dr_grpo,spearman_T_vs_grad_per_abs_adv,0.9746980595574354,0.8651685393258427,1.0,
length,fork_dr_grpo,mean_grad_per_abs_adv_T_le_256,0.11889102179313571,0.08687193974778423,0.1526113097275158,
length,fork_dr_grpo,mean_grad_per_abs_adv_T_gt_256,0.26111595593904074,0.24368270825021193,0.2788104556717609,
length,fork_dr_grpo,mean_analytic_token_weight,0.001797500900076037,0.0012599248132443921,0.0023380060939546506,
length,fork_dr_grpo,mean_analytic_token_weight_T_le_256,0.00167785115991137,0.0009626739231118171,0.0023923379655267727,
length,fork_dr_grpo,mean_analytic_token_weight_T_gt_256,0.0019570338869622597,0.0010894550359807909,0.0028294750566904745,
length_difference,dr_grpo-grpo,spearman_T_vs_grad_per_abs_adv,1.7522329853658851,1.2523972263151046,1.971817851955285,
length_difference,dr_grpo-grpo,mean_grad_per_abs_adv_T_le_256,-0.7279364542228844,-1.007431548397146,-0.5326964987519758,
length_difference,dr_grpo-grpo,mean_grad_per_abs_adv_T_gt_256,-0.04738116909744594,-0.06917594276365706,-0.02345394830163707,
length_difference,dr_grpo-grpo,mean_analytic_token_weight,-0.012127641366877925,-0.021564101892771588,-0.004830219235692645,
length_difference,dr_grpo-grpo,mean_analytic_token_weight_T_le_256,-0.015576524354831096,-0.026740979676046172,-0.006764285719278425,
length_difference,dr_grpo-grpo,mean_analytic_token_weight_T_gt_256,0.00023908019523281323,-0.0010185274433889338,0.0015214188220819805,
terms,fork_grpo,surrogate_term,-0.0,,,1
terms,fork_grpo,beta_kl_term,1.5871566574787723e-06,,,1
terms,fork_grpo,surrogate_term,-0.0,,,2
terms,fork_grpo,beta_kl_term,0.0,,,2
terms,fork_grpo,surrogate_term,-0.0,,,3
terms,fork_grpo,beta_kl_term,0.0,,,3
terms,fork_grpo,surrogate_term,-0.36616024374961853,,,4
terms,fork_grpo,beta_kl_term,1.5424539014929906e-06,,,4
terms,fork_grpo,surrogate_term,0.31791234016418457,,,5
terms,fork_grpo,beta_kl_term,1.4179461686580908e-06,,,5
terms,fork_grpo,surrogate_term,-0.0,,,6
terms,fork_grpo,beta_kl_term,1.9371509552001954e-08,,,6
terms,fork_grpo,surrogate_term,2.9802322387695312e-08,,,7
terms,fork_grpo,beta_kl_term,1.566423998156097e-06,,,7
terms,fork_grpo,surrogate_term,-0.0,,,8
terms,fork_grpo,beta_kl_term,1.7136335372924807e-08,,,8
terms,fork_dr_grpo,surrogate_term,-0.010677707381546497,,,1
terms,fork_dr_grpo,beta_kl_term,1.5871566574787723e-06,,,1
terms,fork_dr_grpo,surrogate_term,-0.0,,,2
terms,fork_dr_grpo,beta_kl_term,0.0,,,2
terms,fork_dr_grpo,surrogate_term,-0.0,,,3
terms,fork_dr_grpo,beta_kl_term,0.0,,,3
terms,fork_dr_grpo,surrogate_term,0.00971907377243042,,,4
terms,fork_dr_grpo,beta_kl_term,1.4068601558392403e-06,,,4
terms,fork_dr_grpo,surrogate_term,-0.2389472872018814,,,5
terms,fork_dr_grpo,beta_kl_term,1.4179655408952386e-06,,,5
terms,fork_dr_grpo,surrogate_term,-0.0,,,6
terms,fork_dr_grpo,beta_kl_term,9.685754776000977e-09,,,6
terms,fork_dr_grpo,surrogate_term,-0.04809774458408356,,,7
terms,fork_dr_grpo,beta_kl_term,1.8508815628592857e-06,,,7
terms,fork_dr_grpo,surrogate_term,-0.0,,,8
terms,fork_dr_grpo,beta_kl_term,2.4586915969848635e-08,,,8
term_gradients,fork_grpo,mean_grad_norm_surrogate,0.174599608557537,0.03579199930354127,0.33583334019679983,
term_gradients,fork_grpo,mean_grad_norm_beta_kl,0.0004998580838578886,0.00019577421042270466,0.0008184595604733051,
term_gradients,fork_grpo,ratio_beta_kl_over_surrogate,0.0028628820418756373,0.0019289490976549387,0.006324726453271191,
term_gradients,fork_grpo,grad_norm_surrogate,0.44002258024027363,,,1
term_gradients,fork_grpo,grad_norm_beta_kl,0.0009124404664585347,,,1
term_gradients,fork_grpo,grad_norm_surrogate,0.0,,,2
term_gradients,fork_grpo,grad_norm_beta_kl,0.0,,,2
term_gradients,fork_grpo,grad_norm_surrogate,0.0,,,3
term_gradients,fork_grpo,grad_norm_beta_kl,0.0,,,3
term_gradients,fork_grpo,grad_norm_surrogate,0.10234666014061251,,,4
term_gradients,fork_grpo,grad_norm_beta_kl,0.0006508611277054067,,,4
term_gradients,fork_grpo,grad_norm_surrogate,0.5680916336510796,,,5
term_gradients,fork_grpo,grad_norm_beta_kl,0.0009496467884765433,,,5
term_gradients,fork_grpo,grad_norm_surrogate,0.0,,,6
term_gradients,fork_grpo,grad_norm_beta_kl,0.000308273447452547,,,6
term_gradients,fork_grpo,grad_norm_surrogate,0.2863359944283302,,,7
term_gradients,fork_grpo,grad_norm_beta_kl,0.0011713580271275755,,,7
term_gradients,fork_grpo,grad_norm_surrogate,0.0,,,8
term_gradients,fork_grpo,grad_norm_beta_kl,6.284813642501587e-06,,,8
term_gradients,fork_dr_grpo,mean_grad_norm_surrogate,0.04248592257193909,0.00991986683663328,0.0786355968675685,
term_gradients,fork_dr_grpo,mean_grad_norm_beta_kl,0.00044649295464462224,0.0001802441859868767,0.0007289540076525115,
term_gradients,fork_dr_grpo,ratio_beta_kl_over_surrogate,0.010509197579235808,0.005914855698362726,0.025403490650351364,
term_gradients,fork_dr_grpo,grad_norm_surrogate,0.03967946734653312,,,1
term_gradients,fork_dr_grpo,grad_norm_beta_kl,0.0009124404664585347,,,1
term_gradients,fork_dr_grpo,grad_norm_surrogate,0.0,,,2
term_gradients,fork_dr_grpo,grad_norm_beta_kl,0.0,,,2
term_gradients,fork_dr_grpo,grad_norm_surrogate,0.0,,,3
term_gradients,fork_dr_grpo,grad_norm_beta_kl,0.0,,,3
term_gradients,fork_dr_grpo,grad_norm_surrogate,0.11067797033335591,,,4
term_gradients,fork_dr_grpo,grad_norm_beta_kl,0.0005090632507536349,,,4
term_gradients,fork_dr_grpo,grad_norm_surrogate,0.11682396243013791,,,5
term_gradients,fork_dr_grpo,grad_norm_beta_kl,0.0006384375534045086,,,5
term_gradients,fork_dr_grpo,grad_norm_surrogate,0.0,,,6
term_gradients,fork_dr_grpo,grad_norm_beta_kl,0.00026304817550968957,,,6
term_gradients,fork_dr_grpo,grad_norm_surrogate,0.07270598046548575,,,7
term_gradients,fork_dr_grpo,grad_norm_beta_kl,0.0011157217680672154,,,7
term_gradients,fork_dr_grpo,grad_norm_surrogate,0.0,,,8
term_gradients,fork_dr_grpo,grad_norm_beta_kl,0.00013323242296339464,,,8
