section,update,prompt_id,reward_mean,group_reward_std,informative,n_masked,policy_loss,surrogate_term,beta_kl_term,kl_k3,sampled_kl,entropy,grad_norm_before_clip,clip_fraction,length_mean,length_sd,generated_tokens,zero_grad_masked_truncation_tokens,zero_grad_uninformative_tokens,zero_grad_masked_truncation_share,zero_grad_uninformative_share,seconds,metric,point,ci_low,ci_high
per_update,1,3eb6af1128a4e2b13381f31abd858f936db550a1ecde082a992138abcd68cd9e,-1.466796875,0.34238719940185547,True,0,1.5871567029535072e-06,-0.0,1.5871566574787723e-06,1.587156657478772e-05,-0.00012549813254736364,0.6760707497596741,0.439911812543869,0.0,42.75,5.584576975922169,171,0,0,0.0,0.0,4.002595048999979,,,,
per_update,2,ce74f1002974025d1c3d13bad87ded45b13951ea48d218d01a156d3e588c147d,-0.1922607421875,1.2597999572753906,True,4,0.0,-0.0,0.0,0.0,6.49343419354409e-05,0.7830483913421631,0.0,0.0,512.0,0.0,2048,2048,0,1.0,0.0,28.650316007000015,,,,
per_update,3,108b1eac65d8a6ea8f4cc0ac367e236e01a85c57ba634318bc6a2888edf0726b,2.447021484375,0.8513380289077759,True,4,0.0,-0.0,0.0,0.0,0.00019410689128562808,0.7825033664703369,0.0,0.0,512.0,0.0,2048,2048,0,1.0,0.0,29.267917931000056,,,,
per_update,4,41bb924302264b14d32a24245a89b4b55b3edad96b5320b8c0f860236e39d162,2.48828125,0.6654254198074341,True,1,-0.36615869402885437,-0.36616024374961853,1.5424539014929906e-06,1.5424539014929906e-05,-0.0001304786856053397,0.9570251107215881,0.10226619243621826,0.0,448.5,37.686204372422544,1794,512,0,0.2853957636566332,0.0,28.262866056999997,,,,
per_update,5,5c12ca72ae1cb0f4c454b651e4989b3418162478a095070a021d26e4a93e9be4,-0.28125,2.4390077590942383,True,1,0.3179137706756592,0.31791234016418457,1.4179461686580908e-06,1.4179461686580908e-05,0.0001564681006129831,0.9438748359680176,0.5680546164512634,0.0,183.5,198.13947108034785,734,512,0,0.6975476839237057,0.0,28.386638710999932,,,,
per_update,6,ecc4cfc6c5ecb67306305fc1c282ebf29aff67f173472d6e644ff7d2ee7b5904,2.603515625,0.0,False,0,1.9371510617816057e-08,-0.0,1.9371509552001954e-08,1.9371509552001953e-07,0.0003777998499572277,0.055670689791440964,0.00030827344744466245,0.0,2.0,0.0,8,0,8,0.0,1.0,1.0353163270000323,,,,
per_update,7,09a3b1eff71f4eafce9ba4d9cd7c5f05ec64d46f73e06f9c99a2070c6b5dae64,1.418701171875,0.36837342381477356,True,0,1.5962262978064246e-06,2.9802322387695312e-08,1.566423998156097e-06,1.5664239981560968e-05,-0.0002506483579054475,0.953641414642334,0.28637900948524475,0.0,127.75,26.621185172715357,511,0,0,0.0,0.0,10.420789253999942,,,,
per_update,8,8b12b2221a7ce4279de709740959a5ff726660dba4d5c73f83c098dbe555066e,-0.1353759765625,0.0,False,0,1.7136335017653437e-08,-0.0,1.7136335372924807e-08,1.7136335372924805e-07,0.00012302301183808595,0.02918526902794838,6.284813480306184e-06,0.0,4.0,0.0,16,0,16,0.0,1.0,1.238860016999979,,,,
per_update,9,80a3be5a0371d57e318f6ade30dec98079853ca535502a5a8137d4aee9155aa4,0.161895751953125,0.4738009572029114,True,4,0.0,-0.0,0.0,0.0,3.4200886148028076e-05,0.1988062560558319,0.0,0.0,512.0,0.0,2048,2048,0,1.0,0.0,30.48082614300006,,,,
per_update,10,97c93b3a4f2572853bca42c450a28f6bbbdb2a5996d1bc50b1138615e8f7135f,-1.4659423828125,0.5850322842597961,True,0,6.54770587971143e-07,-5.960464477539063e-08,7.143752100091661e-07,7.14375210009166e-06,0.0007472559227608144,0.21041350066661835,0.5956150889396667,0.0,22.0,15.588457268119896,88,0,0,0.0,0.0,3.2699105049999844,,,,
per_update,11,441eaa66035da777d253aa728417f0636c3367c510a1e054c5fccb77c2b185f1,0.9805908203125,0.1568000167608261,True,0,3.186908088537166e-06,2.9802322387695312e-08,3.1571056752000007e-06,3.1571056752000004e-05,0.00036535641993395984,0.963923454284668,1.1183298826217651,0.0,10.75,3.960744879438715,43,0,0,0.0,0.0,2.5127891919999,,,,
per_update,12,fcbfe08e6d55892368371504d579cc6945819fdee88968d810e4ff0cb3c200e0,-0.51568603515625,0.5712993144989014,True,0,1.989305019378662e-06,1.4901161193847656e-08,1.9744038581848145e-06,1.9744038581848145e-05,-0.0005283071077428758,1.013392448425293,0.8393619060516357,0.0,27.0,9.874208829065749,108,0,0,0.0,0.0,3.536647462000019,,,,
per_update,13,83a5a7a92fb6addd39c9e86afb049b8892474b8d5987f4247dec89489b22d7bc,-0.1865234375,1.0703125,True,0,2.3990869522094727e-06,-0.0,2.3990869522094727e-06,2.3990869522094727e-05,-0.0006548140081577003,0.6228424906730652,11.967400550842285,0.0,2.0,0.0,8,0,0,0.0,0.0,1.3131049959999928,,,,
per_update,14,b8ed320a4c399dce8b95536984d222e88f884663675234261406eabb90efc817,2.669677734375,0.5396761894226074,True,1,-0.3767209053039551,-0.37672239542007446,1.484847416577395e-06,1.484847416577395e-05,3.4012740798061714e-05,0.8680812120437622,0.13534928858280182,0.0,459.75,54.43057504748595,1839,512,0,0.2784121805328983,0.0,29.244502112000077,,,,
per_update,15,6baafd50645b584f2b17ed0efd9afec3dcfbdc92ef90867a09dbaa9abfd226df,0.89923095703125,0.5858640074729919,True,2,-0.05057797580957413,-0.05057929456233978,1.3200492503528949e-06,1.3200492503528949e-05,0.00010407692025182769,0.6932586431503296,0.09925365447998047,0.0,433.0,80.01874780324921,1732,1024,0,0.5912240184757506,0.0,30.026230175000023,,,,
per_update,16,38d3195fb2def60a4e78478814a9007b5f24682935bf91cf3d309bff524be950,1.90380859375,0.5615589022636414,True,0,1.228724954671634e-06,-0.0,1.2287248864595313e-06,1.2287248864595313e-05,-0.0001356349530396983,0.6635092496871948,0.6543407440185547,0.0,84.0,40.36087214122113,336,0,0,0.0,0.0,9.300421227000015,,,,
per_update,17,9c35c5475aa74a91610ce440ef8ce7bfd543084e6c1156a5ba233a9ac3c67b7a,3.03662109375,0.24043823778629303,True,0,1.3132454341757693e-06,-2.9802322387695312e-08,1.3430477338260972e-06,1.3430477338260971e-05,5.375388354877941e-06,0.9659325480461121,0.12262509763240814,0.0,353.5,52.0792665078916,1414,0,0,0.0,0.0,24.85539506300006,,,,
per_update,18,a1d7645f9eb58fab3a2cf8787ac367e0c5075f96f5308c60cbe49d3e117ac7d5,2.053955078125,0.32107481360435486,True,0,1.8189128923040698e-06,2.9802322387695312e-08,1.789110501704272e-06,1.789110501704272e-05,0.00036283154622651637,0.42043638229370117,0.17716290056705475,0.0,112.0,24.38237068047322,448,0,0,0.0,0.0,8.953213427999913,,,,
per_update,19,0c3f78afabfe94b7ff784c8b550ef838d4e00404fb93f6601191480cf23c1041,1.659423828125,0.3054903745651245,True,0,1.5915993571979925e-06,-2.9802322387695312e-08,1.6214016795856878e-06,1.6214016795856878e-05,0.000358850957127288,1.0897544622421265,0.16623041033744812,0.0,278.25,43.84275880918079,1113,0,0,0.0,0.0,19.069860017999986,,,,
per_update,20,c0e012b9d2e0c1d77772502f0e09ee9983a9f39200c0e4c11bc9a820ea43f98f,3.115234375,0.33397582173347473,True,0,1.2572606920002727e-06,-0.0,1.2572606465255378e-06,1.2572606465255376e-05,-6.704903353238478e-05,0.7854517698287964,0.19555115699768066,0.0,221.25,31.283981524096323,885,0,0,0.0,0.0,14.442248457999995,,,,
run,,,,,,,,,,,,,,,,,,,,,,,peak_vram_bytes,8928605184,,
run,,,,,,,,,,,,,,,,,,,,,,,peak_vram_gib,8.315411567687988,,
run,,,,,,,,,,,,,,,,,,,,,,,wall_clock_seconds,318.75231995699994,,
run,,,,,,,,,,,,,,,,,,,,,,,setup_seconds,9.914247203999935,,
run,,,,,,,,,,,,,,,,,,,,,,,hardware,Tesla T4,,
run,,,,,,,,,,,,,,,,,,,,,,,dtype,float16,,
update_trends,,,,,,,,,,,,,,,,,,,,,,,reward_mean,0.10329445286800987,-0.007432546668388641,0.1960864118156165
update_trends,,,,,,,,,,,,,,,,,,,,,,,sampled_kl,5.725317850076121e-07,-1.8968717684205022e-05,1.6360485167462526e-05
update_trends,,,,,,,,,,,,,,,,,,,,,,,entropy,0.007667622451943562,-0.010537729142744371,0.032170128722156126
update_trends,,,,,,,,,,,,,,,,,,,,,,,length_mean,-3.1466165413533846,-17.410136691994463,12.469784479251736
informative_updates,,,,,,,,,,,,,,,,,,,,,,,n_informative,18,,
zero_gradient_tokens,,,,,,,,,,,,,,,,,,,,,,,generated_tokens,17392,,
zero_gradient_tokens,,,,,,,,,,,,,,,,,,,,,,,generated_tokens_total_logged,17392,,
zero_gradient_tokens,,,,,,,,,,,,,,,,,,,,,,,zero_grad_masked_truncation_tokens,8704,,
zero_gradient_tokens,,,,,,,,,,,,,,,,,,,,,,,zero_grad_uninformative_tokens,24,,
zero_gradient_tokens,,,,,,,,,,,,,,,,,,,,,,,zero_grad_masked_truncation_share,0.500459981600736,,
zero_gradient_tokens,,,,,,,,,,,,,,,,,,,,,,,zero_grad_uninformative_share,0.0013799448022079118,,
zero_gradient_tokens,,,,,,,,,,,,,,,,,,,,,,,zero_grad_total_share,0.5018399264029438,,
zero_gradient_tokens,,,,,,,,,,,,,,,,,,,,,,,n_masked_completions,17,,
zero_gradient_tokens,,,,,,,,,,,,,,,,,,,,,,,n_completions,80,,
heldout,,,,,,,,,,,,,,,,,,,,,,,rm_mean,1.9049039898496685,,
heldout,,,,,,,,,,,,,,,,,,,,,,,rm_sd,1.1612208730308442,,
heldout,,,,,,,,,,,,,,,,,,,,,,,kl,9.675932956570788e-06,,
heldout,,,,,,,,,,,,,,,,,,,,,,,entropy,0.7885122561804667,,
heldout,,,,,,,,,,,,,,,,,,,,,,,length_mean,298.8848484848485,,
heldout,,,,,,,,,,,,,,,,,,,,,,,length_sd,246.33055903782247,,
heldout,,,,,,,,,,,,,,,,,,,,,,,truncation_rate_at_768,0.07272727272727272,,
heldout,,,,,,,,,,,,,,,,,,,,,,,n_truncated_at_768,12,,
heldout_bootstrap,,,,,,,,,,,,,,,,,,,,,,,rm,1.9049039898496685,1.7256947095466384,2.080232261888909
heldout_bootstrap,,,,,,,,,,,,,,,,,,,,,,,kl,9.675932956570788e-06,-2.9586192594797702e-05,4.8240638468280116e-05
heldout_bootstrap,,,,,,,,,,,,,,,,,,,,,,,entropy,0.7885122561804667,0.7410315648119843,0.8361469035259882
heldout_bootstrap,,,,,,,,,,,,,,,,,,,,,,,length,298.8848484848485,262.1575757575758,336.0487878787879
